id_prov;provincia;poblacion
2;CABA;3079674
6;Buenos Aires;17443372
10;Catamarca;439024
14;Córdoba;3957565
18;Corrientes;1203905
22;Chaco;1207608
26;Chubut;602348
30;Entre Ríos;1459182
34;Formosa;626649
38;Jujuy;800744
42;La Pampa;376794
46;La Rioja;403577
50;Mendoza;2047181
54;Misiones;1344368
58;Neuquén;702816
62;Río Negro;788658
66;Salta;1486517
70;San Juan;849117
74;San Luis;536173
78;Santa Cruz;334953
82;Santa Fe;3684529
86;Santiago del Estero;1056774
90;Tucumán;1773567
94;Tierra del Fuego;182003
